run,outage_id,duration_s,filter,fpe_local_m,fpe_haversine_m,est_N_final,est_E_final,gt_N_final,gt_E_final,est_lat_final,est_lon_final,gt_lat_final,gt_lon_final,n_samples
vw10,1,10,WITHOUT_MAP,34.895912365423094,34.89587473760989,2.460207200376317,105.22518465295434,31.334730328016775,124.82076104066604,52.202416725174906,-2.1966332423720587,52.2026764,-2.1963457000000006,100
vw10,1,10,WITH_MAP,27.05059860246284,27.05053761536378,12.391045976546593,105.51087476592511,31.334730328016775,124.82076104066604,52.20250603535367,-2.196629050200768,52.2026764,-2.1963457000000006,100
vw11,1,10,WITHOUT_MAP,54.04786785442283,54.04759171439101,26.137390416348353,24.17048801248893,61.257285088526764,65.25290539297237,52.20213035919924,-2.1870120300871037,52.2024462,-2.1864092,100
vw11,1,10,WITH_MAP,53.614166416636216,53.613926345023856,24.0615369156003,26.64001689176075,61.257285088526764,65.25290539297237,52.2021116906002,-2.186975793020146,52.2024462,-2.1864092,100
vw11,2,120,WITHOUT_MAP,467.95977494690186,467.95401064592863,686.4891351759434,811.1243043765426,249.9995535747371,979.8346956450087,52.21184884511492,-2.1677935122230534,52.2079234,-2.1653177000000006,1200
vw11,2,120,WITH_MAP,1049.616343584586,1049.5348072122317,642.038440823555,6.181790547620039,249.9995535747371,979.8346956450087,52.21144909041663,-2.1796059826915815,52.2079234,-2.1653177000000006,1200
vw11,3,60,WITHOUT_MAP,227.95742903950708,227.94565743123033,375.1288461275399,69.78742048889399,270.6706904377587,272.4030249328542,52.21356351476326,-2.1627857708144345,52.2126241,-2.1598121000000003,600
vw11,3,60,WITH_MAP,261.9308754017251,261.9190415997501,205.32268089614809,18.75480172270909,270.6706904377587,272.4030249328542,52.21203641123115,-2.1635347467357393,52.2126241,-2.1598121000000003,600
vw11,4,30,WITHOUT_MAP,390.53272768111816,390.52547829297106,239.38116060942411,262.221507973969,583.6732894492009,446.5547426578669,52.21760910649787,-2.1527894719023237,52.2207054,-2.1500837999999995,300
vw11,4,30,WITH_MAP,404.92822873924035,404.91458874593235,267.6375332660973,193.39812859520316,583.6732894492009,446.5547426578669,52.217863222162215,-2.1537996721742796,52.2207054,-2.1500837999999995,300
vw12,1,10,WITHOUT_MAP,77.99020498772082,77.99012406939907,183.1839312724769,69.1943241879344,260.2684050506666,57.3429117672017,52.241457862672505,-2.1342494476775333,52.2421511,-2.1344235000000005,100
vw12,1,10,WITH_MAP,69.48419833409505,69.48415826413216,191.22355738468468,49.541448512580246,260.2684050506666,57.3429117672017,52.24153016476717,-2.1345380739216484,52.2421511,-2.1344235000000005,100
vw12,2,30,WITHOUT_MAP,327.3640932017278,327.35768973918283,414.1688285022974,142.9790244679898,712.1645869341114,7.458629418250243,52.2479943597597,-2.1318094191160246,52.2506743,-2.1337999,300
vw12,2,30,WITH_MAP,282.2578463885812,282.2576815858212,430.619189504534,27.500611210009083,712.1645869341114,7.458629418250243,52.24814230141045,-2.1335055296831276,52.2506743,-2.1337999,300
vw14a,1,60,WITHOUT_MAP,778.7867386764219,778.6697339739461,807.3041385710239,75.97595770750195,1208.9779594363094,743.1842654868191,52.29980901054364,-2.119964923178023,52.30342135,-2.1101545,600
vw14a,1,60,WITH_MAP,652.450928183631,652.4081774008456,679.6320179179311,361.75919042527676,1208.9779594363094,743.1842654868191,52.29866082757787,-2.115762855521707,52.30342135,-2.1101545,600
vw14a,2,30,WITHOUT_MAP,386.1810140174765,386.1757466792314,341.6084085442126,233.60632576420903,702.0903265801087,372.12911218120206,52.31082870822567,-2.1021373455164047,52.3140706,-2.1000998500000003,300
vw14a,2,30,WITH_MAP,424.0244698930331,424.01561570803165,322.9640336930752,182.23439105972648,702.0903265801087,372.12911218120206,52.31066103533435,-2.102892961897917,52.3140706,-2.1000998500000003,300
vw14a,3,10,WITHOUT_MAP,70.37224302047214,70.37218606631843,103.17602074239403,156.76128751970828,172.5244884355949,168.7213300086573,52.325123884246665,-2.088677732500147,52.32574755,-2.08850175,100
vw14a,3,10,WITH_MAP,53.824175287883314,53.82335952001266,133.95783281698823,131.17595852538943,172.5244884355949,168.7213300086573,52.325400711733344,-2.0890542002399286,52.32574755,-2.08850175,100
