run,outage_id,duration_s,filter,fpe,drift_pct,cum_dd_ai,cum_dd_gt,cum_dist_err,cum_rel_err,initial_heading_error,final_heading_error,v_net_steps
vw10,1,10,WITHOUT_MAP,34.89587473760989,26.712506887496364,401.74193458557124,105.19856410388739,296.54337048168384,2.818891807200301,1.026999999994075,16.300340891272924,16
vw10,1,10,WITH_MAP,27.05053761536378,20.70696544488961,401.74193458557124,105.19856410388739,296.54337048168384,2.818891807200301,1.026999999994075,21.597157064731107,16
vw11,1,10,WITHOUT_MAP,54.04759171439101,60.89327948305186,260.98112673759465,74.03155572825531,186.94957100933934,2.525268706976356,0.9499999999447084,2.975982144823888,16
vw11,1,10,WITH_MAP,53.613926345023856,60.404685899113076,260.98112673759465,74.03155572825531,186.94957100933934,2.525268706976356,0.9499999999447084,3.184921398424052,16
vw11,2,120,WITHOUT_MAP,467.95401064592863,31.159984687461634,4939.472273349763,1486.2564211653694,3453.2158521843935,2.3234320827873947,1.2549999999268948,42.95033216950969,236
vw11,2,120,WITH_MAP,1049.5348072122317,69.88611653642994,4939.472273349763,1486.2564211653694,3453.2158521843935,2.3234320827873947,1.2549999999268948,56.66579782316927,236
vw11,3,60,WITHOUT_MAP,227.94565743123033,48.99106026410315,1559.086921072006,432.02998521482226,1127.0569358571836,2.6087470185588315,0.15099999999296188,4.764019454916962,116
vw11,3,60,WITH_MAP,261.9190415997501,56.29276598612426,1559.086921072006,432.02998521482226,1127.0569358571836,2.6087470185588315,0.15099999999296188,0.8169219155450946,116
vw11,4,30,WITHOUT_MAP,390.52547829297106,53.23175136614533,1251.716450214386,693.9439442607556,557.7725059536303,0.8037717031277131,0.12600000001032186,15.07170439133688,56
vw11,4,30,WITH_MAP,404.91458874593235,55.19310239850337,1251.716450214386,693.9439442607556,557.7725059536303,0.8037717031277131,0.12600000001032186,5.3916259530376465,56
vw12,1,10,WITHOUT_MAP,77.99012406939907,29.55547448590934,328.0059285640716,213.03788714794666,114.96804141612495,0.5396600715265452,0.13599999999524925,10.747299682403707,16
vw12,1,10,WITH_MAP,69.48415826413216,26.332016922078843,328.0059285640716,213.03788714794666,114.96804141612495,0.5396600715265452,0.13599999999524925,1.4194102851979267,16
vw12,2,30,WITHOUT_MAP,327.35768973918283,46.04055645937956,1389.203695964813,665.2795816522877,723.9241143125254,1.0881502067365245,0.11600000000328237,26.975739050168215,56
vw12,2,30,WITH_MAP,282.2576815858212,39.69755754171953,1389.203695964813,665.2795816522877,723.9241143125254,1.0881502067365245,0.11600000000328237,3.6113026392952747,56
vw14a,1,60,WITHOUT_MAP,778.6697339739461,54.626096413333094,2956.377242183685,1380.5295711931087,1575.8476709905765,1.1414805621502668,0.32850000000462387,30.611738905612498,116
vw14a,1,60,WITH_MAP,652.4081774008456,45.7684566955802,2956.377242183685,1380.5295711931087,1575.8476709905765,1.1414805621502668,0.32850000000462387,7.948019578385299,116
vw14a,2,30,WITHOUT_MAP,386.1757466792314,48.72126488928822,1335.4593774795535,747.0201821885352,588.4391952910183,0.7877152576615478,0.04250000003122523,29.08039833825535,56
vw14a,2,30,WITH_MAP,424.01561570803165,53.495273350931726,1335.4593774795535,747.0201821885352,588.4391952910183,0.7877152576615478,0.04250000003122523,60.18291881405585,56
vw14a,3,10,WITHOUT_MAP,70.37218606631843,29.429115502946928,421.4305519104005,194.7177374305228,226.7128144798777,1.1643151644609215,0.08649999999806823,28.646530322683645,16
vw14a,3,10,WITH_MAP,53.82335952001266,22.50852151414425,421.4305519104005,194.7177374305228,226.7128144798777,1.1643151644609215,0.08649999999806823,9.53034314733577,16
