run_id,timestamp,config,outage_s,final_pos_error_m,pct_of_distance,cep50_m,cep95_m,along_track_m,cross_track_m,heading_error_deg,outage_id,split,source_side,has_ground_truth,skip_reason
vw10,2026-09-09T00:14:10Z,baseline_cv_heading_v1,10,83.5756,63.0952,33.1749,78.4897,-55.4656,-62.5178,53.0082,1,test,phone,True,
vw11,2026-09-09T00:14:10Z,baseline_cv_heading_v1,10,16.3991,18.2569,12.643,19.9534,-15.7603,4.5326,1.4949,1,test,phone,True,
vw11,2026-09-09T00:14:10Z,baseline_cv_heading_v1,120,794.471,52.8423,579.9266,789.3039,-351.6768,-712.4007,26.7562,2,test,phone,True,
vw11,2026-09-09T00:14:10Z,baseline_cv_heading_v1,60,1087.1999,231.9291,439.9138,1020.8257,977.8016,-475.3018,9.2734,3,test,phone,True,
vw11,2026-09-09T00:14:10Z,baseline_cv_heading_v1,30,263.5204,35.7621,107.9646,243.6034,-187.3989,-185.2682,29.4291,4,test,phone,True,
vw12,2026-09-09T00:14:10Z,baseline_cv_heading_v1,10,12.3822,4.6415,7.9596,12.254,0.527,-12.371,0.8136,1,test,phone,True,
vw12,2026-09-09T00:14:10Z,baseline_cv_heading_v1,30,91.8992,12.8606,41.1939,88.5406,-3.4774,-91.8333,2.2176,2,test,phone,True,
vw14a,2026-09-09T00:14:10Z,baseline_cv_heading_v1,60,336.6432,23.5505,205.617,316.8385,-167.3315,-292.1125,22.0025,1,test,phone,True,
vw14a,2026-09-09T00:14:10Z,baseline_cv_heading_v1,30,139.6571,17.5541,46.1602,127.1235,-132.5264,-44.0529,18.561,2,test,phone,True,
vw14a,2026-09-09T00:14:10Z,baseline_cv_heading_v1,10,56.1492,23.2151,17.8169,52.2831,-13.5097,-54.4999,19.5815,3,test,phone,True,
vw14b,2026-09-09T00:14:10Z,baseline_cv_heading_v1,120,589.1255,19.7684,290.4593,551.0903,583.0899,84.0791,7.8973,1,test,phone,True,
vw14b,2026-09-09T00:14:10Z,baseline_cv_heading_v1,60,563.2811,38.2939,103.9359,519.1703,-12.8313,563.1338,35.8762,2,test,phone,True,
vw14b,2026-09-09T00:14:10Z,baseline_cv_heading_v1,10,49.2194,22.5474,3.1906,44.9933,-9.8669,48.2202,21.2735,3,test,phone,True,
vw14b,2026-09-09T00:14:10Z,baseline_cv_heading_v1,30,171.3266,25.9379,111.8561,165.6709,22.9382,169.7836,9.4336,4,test,phone,True,
vw14b,2026-09-09T00:14:10Z,baseline_cv_heading_v1,180,1095.1113,46.1708,468.7672,987.9512,-1090.9212,-95.4275,48.9902,5,test,phone,True,
vw14c,2026-09-09T00:14:10Z,baseline_cv_heading_v1,10,16.3835,36.6919,5.4243,15.1593,-5.9863,-15.2506,25.3393,1,test,phone,True,
vw14c,2026-09-09T00:14:10Z,baseline_cv_heading_v1,120,1435.2007,94.8914,490.8756,1295.1942,-1431.2353,-105.8361,,2,test,phone,True,
vw14c,2026-09-09T00:14:10Z,baseline_cv_heading_v1,30,63.8543,9.414,14.134,58.7147,-40.3104,-49.5221,10.7881,3,test,phone,True,
vw14c,2026-09-09T00:14:10Z,baseline_cv_heading_v1,180,2960.3787,102.5108,1064.9065,2749.0501,-1035.3745,2773.0508,87.0711,4,test,phone,True,
vw14c,2026-09-09T00:14:10Z,baseline_cv_heading_v1,60,489.1299,52.7629,148.9802,453.8975,-484.9594,-63.8049,2.5447,5,test,phone,True,
vw16a,2026-09-09T00:14:10Z,baseline_cv_heading_v1,10,24.7546,19.9276,6.8305,22.4215,11.6027,21.8671,19.0384,1,test,phone,True,
vw16a,2026-09-09T00:14:10Z,baseline_cv_heading_v1,30,79.1053,19.0626,20.8194,70.6018,-13.9686,77.862,21.9656,2,test,phone,True,
vw16a,2026-09-09T00:14:10Z,baseline_cv_heading_v1,60,513.798,44.1464,145.8128,504.868,-171.3203,484.3867,28.1827,3,test,phone,True,
vw16a,2026-09-09T00:14:10Z,baseline_cv_heading_v1,120,336.6146,16.5593,283.7784,353.2766,292.4196,-166.7353,1.2972,4,test,phone,True,
vw16b,2026-09-09T00:14:10Z,baseline_cv_heading_v1,10,21.3426,9.7421,6.0116,17.3265,13.6033,16.4456,21.8898,1,test,phone,True,
vw16b,2026-09-09T00:14:10Z,baseline_cv_heading_v1,30,183.0488,41.7408,80.3953,177.0992,-178.3514,-41.2084,9.623,2,test,phone,True,
vw17,2026-09-09T00:14:10Z,baseline_cv_heading_v1,10,38.2602,22.0296,15.1317,36.0055,-10.8538,-36.6884,17.382,1,test,phone,True,
vw2,2026-09-09T00:14:10Z,baseline_cv_heading_v1,180,2275.0929,89.7482,799.6185,2129.0347,-2274.1134,-73.2777,65.2508,1,test,phone,True,
vw2,2026-09-09T00:14:10Z,baseline_cv_heading_v1,10,29.4543,48.9663,12.2911,27.787,-29.3568,2.3942,5.2134,2,test,phone,True,
vw2,2026-09-09T00:14:10Z,baseline_cv_heading_v1,60,733.3937,52.1039,215.6507,675.7587,-151.5948,-717.5761,47.1144,3,test,phone,True,
vw2,2026-09-09T00:14:10Z,baseline_cv_heading_v1,30,340.8016,40.8374,153.3611,321.3793,-115.4629,320.6435,22.8156,4,test,phone,True,
vw2,2026-09-09T00:14:10Z,baseline_cv_heading_v1,120,472.0598,14.7746,319.5295,414.754,333.6828,-333.9198,13.7071,5,test,phone,True,
vw3,2026-09-09T00:14:10Z,baseline_cv_heading_v1,10,44.8202,34.3857,15.1936,40.7832,-44.6681,3.6905,21.9972,1,test,phone,True,
vw3,2026-09-09T00:14:10Z,baseline_cv_heading_v1,120,1967.6252,108.235,351.0356,1760.3883,-1967.2204,31.7085,173.7372,2,test,phone,True,
vw3,2026-09-09T00:14:10Z,baseline_cv_heading_v1,30,181.2133,54.6048,37.2029,156.0602,-180.2749,18.4072,82.918,3,test,phone,True,
vw3,2026-09-09T00:14:10Z,baseline_cv_heading_v1,60,383.9256,39.4225,35.521,348.2823,-362.3903,126.7862,100.0524,4,test,phone,True,
vw4,2026-09-09T00:14:10Z,baseline_cv_heading_v1,120,2558.2119,71.427,1099.153,2437.397,-1632.6206,-1969.2345,37.4527,1,test,phone,True,
vw4,2026-09-09T00:14:10Z,baseline_cv_heading_v1,30,322.1615,37.6595,91.7016,296.2993,-120.546,298.7598,33.4612,2,test,phone,True,
vw4,2026-09-09T00:14:10Z,baseline_cv_heading_v1,10,49.6461,16.7334,12.6628,46.3179,-29.8646,39.6591,11.5449,3,test,phone,True,
vw4,2026-09-09T00:14:10Z,baseline_cv_heading_v1,60,520.4424,90.4339,82.6713,483.7394,-422.7095,-303.6076,,4,test,phone,True,
vw4,2026-09-09T00:14:10Z,baseline_cv_heading_v1,180,108.6969,11.6692,222.962,428.0358,-107.7063,14.6444,5.6477,5,test,phone,True,
vw5,2026-09-09T00:14:10Z,baseline_cv_heading_v1,30,153.7943,82.6006,89.9672,154.1219,136.9199,70.0415,5.8153,1,test,phone,True,
vw5,2026-09-09T00:14:10Z,baseline_cv_heading_v1,10,39.7086,217.4582,19.176,36.7241,-11.8736,-37.8918,86.0873,2,test,phone,True,
vw6,2026-09-09T00:14:10Z,baseline_cv_heading_v1,10,67.8963,85.0291,10.17,60.9705,-29.1715,61.3102,93.4026,1,test,phone,True,
vw6,2026-09-09T00:14:10Z,baseline_cv_heading_v1,30,315.3954,125.0952,110.6523,295.4345,-295.287,110.8221,116.4371,2,test,phone,True,
vw7,2026-09-09T00:14:10Z,baseline_cv_heading_v1,30,89.9587,41.5698,42.7152,77.5129,65.9458,61.1855,22.6584,1,test,phone,True,
vw7,2026-09-09T00:14:10Z,baseline_cv_heading_v1,10,15.0454,22.6761,7.6806,14.8147,-10.7078,10.5692,40.003,2,test,phone,True,
vw8,2026-09-09T00:14:10Z,baseline_cv_heading_v1,60,121.5124,35.1242,119.0935,134.625,66.1156,-101.9516,39.1921,1,test,phone,True,
vw8,2026-09-09T00:14:10Z,baseline_cv_heading_v1,10,48.4296,69.5132,8.7056,43.5657,0.2908,-48.4288,63.594,2,test,phone,True,
vw8,2026-09-09T00:14:10Z,baseline_cv_heading_v1,30,348.7482,148.7305,111.5518,329.8687,-264.8725,226.8582,111.7979,3,test,phone,True,
vw9,2026-09-09T00:14:10Z,baseline_cv_heading_v1,10,20.9203,24.9011,3.0059,18.8592,-2.6688,20.7494,29.3622,1,test,phone,True,
vw10,2026-09-09T00:14:10Z,baseline_strapdown_v1,10,76.0519,57.4151,32.5946,72.0254,-68.8336,-32.3398,53.0082,1,test,phone,True,
vw11,2026-09-09T00:14:10Z,baseline_strapdown_v1,10,58.1356,64.7215,22.2754,56.7039,-57.9799,4.2502,1.4949,1,test,phone,True,
vw11,2026-09-09T00:14:10Z,baseline_strapdown_v1,120,1303.8539,86.7226,683.3456,1259.0239,961.7428,-880.4006,26.7562,2,test,phone,True,
vw11,2026-09-09T00:14:10Z,baseline_strapdown_v1,60,1397.0712,298.033,659.5079,1311.2259,1292.0331,-531.4704,9.2734,3,test,phone,True,
vw11,2026-09-09T00:14:10Z,baseline_strapdown_v1,30,255.7535,34.708,105.9448,235.6584,-167.562,-193.2168,29.4291,4,test,phone,True,
vw12,2026-09-09T00:14:10Z,baseline_strapdown_v1,10,14.4731,5.4253,7.6076,13.901,7.3907,-12.4438,0.8136,1,test,phone,True,
vw12,2026-09-09T00:14:10Z,baseline_strapdown_v1,30,116.8848,16.3572,46.6726,111.0636,66.6341,-96.0316,2.2176,2,test,phone,True,
vw14a,2026-09-09T00:14:10Z,baseline_strapdown_v1,60,338.9432,23.7114,209.2204,319.7616,-149.8079,-304.0419,22.0025,1,test,phone,True,
vw14a,2026-09-09T00:14:10Z,baseline_strapdown_v1,30,83.9861,10.5566,29.211,71.7007,-68.7,-48.3108,18.561,2,test,phone,True,
vw14a,2026-09-09T00:14:10Z,baseline_strapdown_v1,10,56.1585,23.2189,17.9553,52.3471,-5.9772,-55.8396,19.5815,3,test,phone,True,
vw14b,2026-09-09T00:14:10Z,baseline_strapdown_v1,120,1730.2682,58.0601,379.1203,1533.8778,1675.5432,431.4392,7.8973,1,test,phone,True,
vw14b,2026-09-09T00:14:10Z,baseline_strapdown_v1,60,941.6082,64.014,238.4188,869.9843,520.1456,784.888,35.8762,2,test,phone,True,
vw14b,2026-09-09T00:14:10Z,baseline_strapdown_v1,10,51.5,23.5922,2.5614,46.8991,-1.1027,51.4881,21.2735,3,test,phone,True,
vw14b,2026-09-09T00:14:10Z,baseline_strapdown_v1,30,222.837,33.7363,125.2905,210.9279,129.4991,181.3435,9.4336,4,test,phone,True,
vw14b,2026-09-09T00:14:10Z,baseline_strapdown_v1,180,3420.5321,144.2126,894.5324,3128.0204,2987.6616,-1665.5327,48.9902,5,test,phone,True,
vw14c,2026-09-09T00:14:10Z,baseline_strapdown_v1,10,18.0146,40.345,4.8201,16.2901,-12.8886,-12.5861,25.3393,1,test,phone,True,
vw14c,2026-09-09T00:14:10Z,baseline_strapdown_v1,120,2025.7047,133.9338,663.7969,1801.6609,-2009.9012,252.0316,174.7161,2,test,phone,True,
vw14c,2026-09-09T00:14:10Z,baseline_strapdown_v1,30,171.9144,25.3451,29.0789,151.289,148.628,-86.3961,10.7881,3,test,phone,True,
vw14c,2026-09-09T00:14:10Z,baseline_strapdown_v1,180,4925.8154,170.5691,1456.441,4514.9527,-540.7644,4895.3424,87.0711,4,test,phone,True,
vw14c,2026-09-09T00:14:10Z,baseline_strapdown_v1,60,540.8337,58.3402,125.998,492.4795,-539.0613,-43.8733,2.5447,5,test,phone,True,
vw16a,2026-09-09T00:14:10Z,baseline_strapdown_v1,10,21.5989,17.3872,5.1807,19.3048,5.762,20.8161,19.0384,1,test,phone,True,
vw16a,2026-09-09T00:14:10Z,baseline_strapdown_v1,30,89.7366,21.6245,26.7029,80.3468,-60.8102,65.9904,21.9656,2,test,phone,True,
vw16a,2026-09-09T00:14:10Z,baseline_strapdown_v1,60,489.4651,42.0557,145.1735,485.8116,-257.6174,416.1738,28.1827,3,test,phone,True,
vw16a,2026-09-09T00:14:10Z,baseline_strapdown_v1,120,426.8182,20.9967,146.5934,397.3011,-346.0167,-249.8988,1.2972,4,test,phone,True,
vw16b,2026-09-09T00:14:10Z,baseline_strapdown_v1,10,20.4911,9.3534,6.108,15.456,10.4108,17.6493,21.8898,1,test,phone,True,
vw16b,2026-09-09T00:14:10Z,baseline_strapdown_v1,30,135.83,30.9734,43.9005,132.0208,-126.0058,-50.7199,9.623,2,test,phone,True,
vw17,2026-09-09T00:14:10Z,baseline_strapdown_v1,10,40.3719,23.2454,17.0131,38.2958,-21.5275,-34.1535,17.382,1,test,phone,True,
vw2,2026-09-09T00:14:10Z,baseline_strapdown_v1,180,2267.0146,89.4295,907.2502,2149.7488,-2259.59,185.5489,65.2508,1,test,phone,True,
vw2,2026-09-09T00:14:10Z,baseline_strapdown_v1,10,27.071,45.0042,11.2471,25.2757,-26.9467,2.591,5.2134,2,test,phone,True,
vw2,2026-09-09T00:14:10Z,baseline_strapdown_v1,60,748.6705,53.1892,226.9932,695.8393,-105.3211,-741.2475,47.1144,3,test,phone,True,
vw2,2026-09-09T00:14:10Z,baseline_strapdown_v1,30,333.6404,39.9792,150.1994,314.3169,-166.4876,289.132,22.8156,4,test,phone,True,
vw2,2026-09-09T00:14:10Z,baseline_strapdown_v1,120,1424.9065,44.5971,439.9157,1277.7251,1374.9521,-373.8422,13.7071,5,test,phone,True,
vw3,2026-09-09T00:14:10Z,baseline_strapdown_v1,10,53.4197,40.9832,15.1924,48.2111,-53.4198,0.0588,21.9972,1,test,phone,True,
vw3,2026-09-09T00:14:10Z,baseline_strapdown_v1,120,1533.7168,84.3666,587.5987,1431.7646,-1383.0516,662.8088,,2,test,phone,True,
vw3,2026-09-09T00:14:10Z,baseline_strapdown_v1,30,209.1064,63.0098,43.079,180.6929,-187.5371,92.4916,82.918,3,test,phone,True,
vw3,2026-09-09T00:14:10Z,baseline_strapdown_v1,60,250.287,25.7001,100.9778,200.6478,-218.4353,122.1911,100.0524,4,test,phone,True,
vw4,2026-09-09T00:14:10Z,baseline_strapdown_v1,120,2995.7243,83.6426,1428.1885,2887.9388,-1607.415,-2527.5609,37.4527,1,test,phone,True,
vw4,2026-09-09T00:14:10Z,baseline_strapdown_v1,30,509.097,59.5116,120.479,461.0617,151.6733,485.9815,33.4612,2,test,phone,True,
vw4,2026-09-09T00:14:10Z,baseline_strapdown_v1,10,45.6644,15.3914,6.9078,42.1534,-4.0794,45.4819,11.5449,3,test,phone,True,
vw4,2026-09-09T00:14:10Z,baseline_strapdown_v1,60,353.8764,61.4908,57.6344,353.6544,-132.0391,-328.3246,5.8617,4,test,phone,True,
vw4,2026-09-09T00:14:10Z,baseline_strapdown_v1,180,488.1143,52.4016,146.7571,404.6871,479.4515,-91.5156,5.6477,5,test,phone,True,
vw5,2026-09-09T00:14:10Z,baseline_strapdown_v1,30,274.5239,147.4427,112.8123,263.6295,274.5138,2.3667,5.8153,1,test,phone,True,
vw5,2026-09-09T00:14:10Z,baseline_strapdown_v1,10,97.5893,534.4334,41.715,91.2459,-10.9244,-96.9759,86.0873,2,test,phone,True,
vw6,2026-09-09T00:14:10Z,baseline_strapdown_v1,10,46.0349,57.6513,1.8741,40.3286,-32.207,32.8926,93.4026,1,test,phone,True,
vw6,2026-09-09T00:14:10Z,baseline_strapdown_v1,30,395.13,156.7204,184.1689,377.3833,-349.6708,184.0169,116.4371,2,test,phone,True,
vw7,2026-09-09T00:14:10Z,baseline_strapdown_v1,30,241.6752,111.6778,85.1184,228.4525,172.1966,169.5714,22.6584,1,test,phone,True,
vw7,2026-09-09T00:14:10Z,baseline_strapdown_v1,10,14.5869,21.985,6.033,14.091,-9.3074,11.2316,40.003,2,test,phone,True,
vw8,2026-09-09T00:14:10Z,baseline_strapdown_v1,60,469.4975,135.7122,109.2497,416.6769,168.3333,-438.2908,39.1921,1,test,phone,True,
vw8,2026-09-09T00:14:10Z,baseline_strapdown_v1,10,10.0639,14.4451,10.4227,16.7234,-5.7096,-8.2874,63.594,2,test,phone,True,
vw8,2026-09-09T00:14:10Z,baseline_strapdown_v1,30,252.1296,107.5256,90.5174,240.2118,-213.4915,134.1255,111.7979,3,test,phone,True,
vw9,2026-09-09T00:14:10Z,baseline_strapdown_v1,10,39.7713,47.3393,7.6383,36.3391,26.6684,29.5052,29.3622,1,test,phone,True,
vw10,2026-09-09T11:50:53Z,inav_ai_ukf_v1,10,56.6777,42.7886,32.0227,56.2659,39.6754,40.4749,12.7939,1,test,phone,True,
vw11,2026-09-09T11:50:53Z,inav_ai_ukf_v1,10,51.5401,57.3789,17.0985,49.7626,-51.5332,-0.8415,,1,test,phone,True,
vw11,2026-09-09T11:50:53Z,inav_ai_ukf_v1,120,399.1432,26.548,491.8382,786.4076,14.4649,-398.8872,44.9188,2,test,phone,True,
vw11,2026-09-09T11:50:53Z,inav_ai_ukf_v1,60,252.0325,53.7653,239.4678,269.2345,124.9862,-218.8605,2.5523,3,test,phone,True,
vw11,2026-09-09T11:50:53Z,inav_ai_ukf_v1,30,308.6515,41.8868,117.1967,290.8942,-294.0996,93.6504,16.4642,4,test,phone,True,
vw12,2026-09-09T11:50:53Z,inav_ai_ukf_v1,10,49.7812,18.6607,17.7579,46.4692,-37.6101,32.6134,10.4609,1,test,phone,True,
vw12,2026-09-09T11:50:53Z,inav_ai_ukf_v1,30,270.9473,37.9171,89.118,247.4632,-223.0547,153.8108,26.3059,2,test,phone,True,
vw14a,2026-09-09T11:50:53Z,inav_ai_ukf_v1,60,726.0204,50.7901,224.9637,673.465,-597.0918,-412.9947,30.5668,1,test,phone,True,
vw14a,2026-09-09T11:50:53Z,inav_ai_ukf_v1,30,287.9647,36.1956,80.7068,264.3644,-277.9744,75.1915,29.0076,2,test,phone,True,
vw14a,2026-09-09T11:50:53Z,inav_ai_ukf_v1,10,52.7303,21.8016,12.5001,47.309,-25.4357,46.1899,26.5468,3,test,phone,True,
vw14b,2026-09-09T11:50:53Z,inav_ai_ukf_v1,120,2280.2069,76.5136,994.6554,2199.1951,-1340.2627,-1844.9172,31.3659,1,test,phone,True,
vw14b,2026-09-09T11:50:53Z,inav_ai_ukf_v1,60,636.7635,43.2895,262.5267,609.4668,-591.1761,236.5757,4.7125,2,test,phone,True,
vw14b,2026-09-09T11:50:53Z,inav_ai_ukf_v1,10,56.0979,25.6984,6.5784,50.9528,-39.9771,-39.3548,24.0881,3,test,phone,True,
vw14b,2026-09-09T11:50:53Z,inav_ai_ukf_v1,30,375.5338,56.8538,160.0608,350.06,-299.2036,-226.9498,49.754,4,test,phone,True,
vw14b,2026-09-09T11:50:53Z,inav_ai_ukf_v1,180,803.9974,33.8972,330.8746,722.4687,-556.5229,580.2408,38.0115,5,test,phone,True,
vw14c,2026-09-09T11:50:53Z,inav_ai_ukf_v1,10,5.4383,12.1794,4.0068,7.7312,5.4215,0.4269,9.8004,1,test,phone,True,
vw14c,2026-09-09T11:50:53Z,inav_ai_ukf_v1,120,2154.0042,142.4166,769.7004,1968.4646,-2122.2696,368.042,117.2685,2,test,phone,True,
vw14c,2026-09-09T11:50:53Z,inav_ai_ukf_v1,30,199.0972,29.3527,74.0491,186.1703,-196.3869,32.7351,1.3642,3,test,phone,True,
vw14c,2026-09-09T11:50:53Z,inav_ai_ukf_v1,180,1525.3047,52.8176,1178.7848,1525.4663,-1524.9825,-30.7835,,4,test,phone,True,
vw14c,2026-09-09T11:50:53Z,inav_ai_ukf_v1,60,1003.4087,108.2385,412.011,946.392,-896.1117,-451.5366,95.5707,5,test,phone,True,
vw16a,2026-09-09T11:50:53Z,inav_ai_ukf_v1,10,13.2414,10.6594,6.3235,11.9038,1.6979,-13.1321,15.0077,1,test,phone,True,
vw16a,2026-09-09T11:50:53Z,inav_ai_ukf_v1,30,99.8716,24.0668,27.5354,89.6493,-34.5253,-93.7142,26.6746,2,test,phone,True,
vw16a,2026-09-09T11:50:53Z,inav_ai_ukf_v1,60,491.5596,42.2357,214.0805,497.3277,-358.4864,-336.3393,1.8481,3,test,phone,True,
vw16a,2026-09-09T11:50:53Z,inav_ai_ukf_v1,120,787.326,38.7314,122.5671,731.5147,-651.5542,441.9784,34.7795,4,test,phone,True,
vw16b,2026-09-09T11:50:53Z,inav_ai_ukf_v1,10,21.9937,10.0392,5.8182,17.9863,-19.1008,-10.9032,19.9193,1,test,phone,True,
vw16b,2026-09-09T11:50:53Z,inav_ai_ukf_v1,30,236.1381,53.8468,94.9611,230.6079,-157.3053,176.1119,16.4788,2,test,phone,True,
vw17,2026-09-09T11:50:53Z,inav_ai_ukf_v1,10,37.3312,21.4947,14.1393,35.3182,-21.8775,30.2488,15.4693,1,test,phone,True,
vw2,2026-09-09T11:50:53Z,inav_ai_ukf_v1,180,3094.6097,122.0766,1138.6282,2936.3169,-3094.793,-33.7581,,1,test,phone,True,
vw2,2026-09-09T11:50:53Z,inav_ai_ukf_v1,10,21.5126,35.7636,12.2456,20.8398,-21.4224,-1.9677,4.9757,2,test,phone,True,
vw2,2026-09-09T11:50:53Z,inav_ai_ukf_v1,60,720.0155,51.1535,272.2306,675.7558,-636.9561,335.7655,42.4966,3,test,phone,True,
vw2,2026-09-09T11:50:53Z,inav_ai_ukf_v1,30,422.2736,50.5999,176.6116,394.4159,-387.6357,-167.4932,9.6336,4,test,phone,True,
vw2,2026-09-09T11:50:53Z,inav_ai_ukf_v1,120,1579.1605,49.425,866.6888,1503.7555,-1578.9854,-29.0049,16.7012,5,test,phone,True,
vw3,2026-09-09T11:50:53Z,inav_ai_ukf_v1,10,46.1943,35.4399,24.749,43.7621,-28.4157,-36.4206,13.8878,1,test,phone,True,
vw3,2026-09-09T11:50:53Z,inav_ai_ukf_v1,120,284.974,15.6758,169.2398,264.0989,-198.1062,204.8513,0.1159,2,test,phone,True,
vw3,2026-09-09T11:50:53Z,inav_ai_ukf_v1,30,325.3563,98.0393,222.4252,316.71,69.2952,317.8947,56.9609,3,test,phone,True,
vw3,2026-09-09T11:50:53Z,inav_ai_ukf_v1,60,639.147,65.6293,176.3022,602.7437,-265.4527,-581.4326,129.4829,4,test,phone,True,
vw4,2026-09-09T11:50:53Z,inav_ai_ukf_v1,120,2581.1843,72.0684,943.8459,2387.314,-2563.0148,-305.7195,84.8529,1,test,phone,True,
vw4,2026-09-09T11:50:53Z,inav_ai_ukf_v1,30,418.5704,48.9293,162.5909,393.2104,-417.8504,-24.5385,15.3953,2,test,phone,True,
vw4,2026-09-09T11:50:53Z,inav_ai_ukf_v1,10,81.7906,27.5678,21.6441,74.2081,-76.6233,-28.6112,10.9415,3,test,phone,True,
vw4,2026-09-09T11:50:53Z,inav_ai_ukf_v1,60,771.4975,134.0581,111.8377,721.5905,-249.0521,-730.2147,83.4694,4,test,phone,True,
vw4,2026-09-09T11:50:53Z,inav_ai_ukf_v1,180,473.5039,50.8331,325.7375,477.8168,-394.1932,262.3281,,5,test,phone,True,
vw5,2026-09-09T11:50:53Z,inav_ai_ukf_v1,30,76.6897,41.1889,74.6198,94.9535,67.4711,36.4554,100.0879,1,test,phone,True,
vw5,2026-09-09T11:50:53Z,inav_ai_ukf_v1,10,13.3449,73.0811,0.8385,10.4811,-12.4595,4.7797,99.9035,2,test,phone,True,
vw6,2026-09-09T11:50:53Z,inav_ai_ukf_v1,10,65.4279,81.9379,7.3848,58.9892,-42.9969,49.3163,83.6463,1,test,phone,True,
vw6,2026-09-09T11:50:53Z,inav_ai_ukf_v1,30,429.4081,170.3161,145.1617,401.2687,-423.4027,71.5818,159.8057,2,test,phone,True,
vw7,2026-09-09T11:50:53Z,inav_ai_ukf_v1,30,200.382,92.5963,33.7341,190.6668,-178.5623,90.9338,139.9637,1,test,phone,True,
vw7,2026-09-09T11:50:53Z,inav_ai_ukf_v1,10,22.6361,34.1167,11.6856,21.3791,11.6463,-19.4103,2.8727,2,test,phone,True,
vw8,2026-09-09T11:50:53Z,inav_ai_ukf_v1,60,161.1982,46.5957,91.6631,134.2139,-130.8082,94.2011,167.8765,1,test,phone,True,
vw8,2026-09-09T11:50:53Z,inav_ai_ukf_v1,10,76.37,109.6171,24.1348,68.9998,-40.7116,-64.614,118.1237,2,test,phone,True,
vw8,2026-09-09T11:50:53Z,inav_ai_ukf_v1,30,161.9986,69.0875,68.2085,153.4458,0.2248,161.9984,28.6533,3,test,phone,True,
vw9,2026-09-09T11:50:53Z,inav_ai_ukf_v1,10,33.4329,39.7947,8.2483,30.4061,-12.3752,-31.0581,46.5012,1,test,phone,True,
vw10,2026-09-09T11:46:10Z,inav_spectra_esekf_v2,10,47.6489,35.9724,29.7698,47.6205,29.3118,37.5664,13.4266,1,test,phone,True,
vw11,2026-09-09T11:46:10Z,inav_spectra_esekf_v2,10,47.2978,52.6559,19.5626,46.1885,-47.2965,-0.3383,3.0541,1,test,phone,True,
vw11,2026-09-09T11:46:10Z,inav_spectra_esekf_v2,120,1524.745,101.4147,598.805,1666.6187,313.8899,-1492.1746,26.6022,2,test,phone,True,
vw11,2026-09-09T11:46:10Z,inav_spectra_esekf_v2,60,318.4101,67.9255,212.3755,279.8982,271.4603,-166.4171,2.2076,3,test,phone,True,
vw11,2026-09-09T11:46:10Z,inav_spectra_esekf_v2,30,391.0956,53.0752,137.7799,365.818,-381.0596,88.0179,16.4751,4,test,phone,True,
vw12,2026-09-09T11:46:10Z,inav_spectra_esekf_v2,10,42.2195,15.8262,16.2596,39.3119,9.0553,41.237,10.4656,1,test,phone,True,
vw12,2026-09-09T11:46:10Z,inav_spectra_esekf_v2,30,291.634,40.812,98.1044,264.0728,-264.1575,123.5724,26.2664,2,test,phone,True,
vw14a,2026-09-09T11:46:10Z,inav_spectra_esekf_v2,60,770.7354,53.9183,248.5732,667.6484,-719.8552,-275.329,27.1017,1,test,phone,True,
vw14a,2026-09-09T11:46:10Z,inav_spectra_esekf_v2,30,358.2855,45.0346,110.3287,333.141,-358.131,10.4555,26.2865,2,test,phone,True,
vw14a,2026-09-09T11:46:10Z,inav_spectra_esekf_v2,10,52.1783,21.5733,12.5316,47.1127,-34.0712,39.5187,26.0826,3,test,phone,True,
vw14b,2026-09-09T11:46:10Z,inav_spectra_esekf_v2,120,4045.8543,135.7608,1457.3939,3827.3736,1279.6259,-3838.3258,31.1331,1,test,phone,True,
vw14b,2026-09-09T11:46:10Z,inav_spectra_esekf_v2,60,758.2402,51.5479,301.0389,728.2704,-699.3141,293.0341,3.1751,2,test,phone,True,
vw14b,2026-09-09T11:46:10Z,inav_spectra_esekf_v2,10,57.3597,26.2765,7.9916,51.61,-48.701,-30.304,23.8697,3,test,phone,True,
vw14b,2026-09-09T11:46:10Z,inav_spectra_esekf_v2,30,385.1907,58.3158,160.335,359.6382,-348.0616,-165.0056,48.9887,4,test,phone,True,
vw14b,2026-09-09T11:46:10Z,inav_spectra_esekf_v2,180,1060.9632,44.7311,360.1948,834.7414,-614.3841,864.9387,37.7057,5,test,phone,True,
vw14c,2026-09-09T11:46:10Z,inav_spectra_esekf_v2,10,3.2331,7.2408,3.8148,8.7308,2.7843,1.6434,9.717,1,test,phone,True,
vw14c,2026-09-09T11:46:10Z,inav_spectra_esekf_v2,120,2327.7949,153.9072,830.5947,2147.9281,-2327.2099,46.5272,122.9696,2,test,phone,True,
vw14c,2026-09-09T11:46:10Z,inav_spectra_esekf_v2,30,215.2107,31.7283,73.4975,201.4523,-213.7824,24.7447,1.9112,3,test,phone,True,
vw14c,2026-09-09T11:46:10Z,inav_spectra_esekf_v2,180,1553.6361,53.7987,1297.0297,1553.8697,-1539.2103,211.2187,40.6314,4,test,phone,True,
vw14c,2026-09-09T11:46:10Z,inav_spectra_esekf_v2,60,874.7108,94.3558,409.8871,823.9607,-770.1575,-414.7563,99.6424,5,test,phone,True,
vw16a,2026-09-09T11:46:10Z,inav_spectra_esekf_v2,10,15.9657,12.8524,7.6606,14.5258,8.7724,-13.3397,15.0198,1,test,phone,True,
vw16a,2026-09-09T11:46:10Z,inav_spectra_esekf_v2,30,98.0269,23.6223,25.2977,87.5006,-28.5829,-93.7673,26.5535,2,test,phone,True,
vw16a,2026-09-09T11:46:10Z,inav_spectra_esekf_v2,60,609.9488,52.4079,231.4383,593.1023,-438.9651,-423.5067,2.4586,3,test,phone,True,
vw16a,2026-09-09T11:46:10Z,inav_spectra_esekf_v2,120,965.5164,47.4972,333.7721,918.1553,-746.6198,612.1599,40.8989,4,test,phone,True,
vw16b,2026-09-09T11:46:10Z,inav_spectra_esekf_v2,10,25.889,11.8173,5.9767,21.7446,-24.9147,-7.0356,20.158,1,test,phone,True,
vw16b,2026-09-09T11:46:10Z,inav_spectra_esekf_v2,30,254.8922,58.1233,100.7879,241.7207,-205.0934,151.3477,17.005,2,test,phone,True,
vw17,2026-09-09T11:46:10Z,inav_spectra_esekf_v2,10,36.1966,20.8414,14.6152,34.4196,-21.2081,29.3328,15.1071,1,test,phone,True,
vw2,2026-09-09T11:46:10Z,inav_spectra_esekf_v2,180,3048.1401,120.2435,1071.9353,2824.411,-3026.6802,363.6677,156.9781,1,test,phone,True,
vw2,2026-09-09T11:46:10Z,inav_spectra_esekf_v2,10,13.0015,21.6143,8.3108,12.5219,-12.5316,-3.4638,4.8638,2,test,phone,True,
vw2,2026-09-09T11:46:10Z,inav_spectra_esekf_v2,60,826.517,58.7198,289.8028,780.4679,-725.3798,396.2302,38.4619,3,test,phone,True,
vw2,2026-09-09T11:46:10Z,inav_spectra_esekf_v2,30,371.8061,44.5525,137.3713,342.8599,-318.3442,-192.0853,10.2485,4,test,phone,True,
vw2,2026-09-09T11:46:10Z,inav_spectra_esekf_v2,120,1854.9257,58.0559,858.7418,1735.8189,-1692.9042,758.2023,4.547,5,test,phone,True,
vw3,2026-09-09T11:46:10Z,inav_spectra_esekf_v2,10,47.7491,36.6327,24.8556,44.9401,-31.8925,-35.5366,13.8725,1,test,phone,True,
vw3,2026-09-09T11:46:10Z,inav_spectra_esekf_v2,120,577.7358,31.78,263.1691,527.5218,-139.7418,560.5762,34.8432,2,test,phone,True,
vw3,2026-09-09T11:46:10Z,inav_spectra_esekf_v2,30,414.7917,124.9887,241.0113,397.6763,-56.7965,410.8914,70.622,3,test,phone,True,
vw3,2026-09-09T11:46:10Z,inav_spectra_esekf_v2,60,777.1217,79.7969,209.029,726.9451,-118.12,-768.1113,135.5517,4,test,phone,True,
vw4,2026-09-09T11:46:10Z,inav_spectra_esekf_v2,120,2063.8635,57.6244,994.7735,1935.3792,-2046.4782,267.0785,75.7209,1,test,phone,True,
vw4,2026-09-09T11:46:10Z,inav_spectra_esekf_v2,30,434.2974,50.7678,149.603,405.3203,-433.5766,-25.0087,14.0804,2,test,phone,True,
vw4,2026-09-09T11:46:10Z,inav_spectra_esekf_v2,10,61.7029,20.7972,19.1258,57.6571,-52.9107,-31.7446,11.0442,3,test,phone,True,
vw4,2026-09-09T11:46:10Z,inav_spectra_esekf_v2,60,673.4253,117.0167,120.8356,630.2071,-149.0206,-656.7479,75.9959,4,test,phone,True,
vw4,2026-09-09T11:46:10Z,inav_spectra_esekf_v2,180,8.6413,0.9277,147.4901,428.6995,3.5605,-7.8737,6.8472,5,test,phone,True,
vw5,2026-09-09T11:46:10Z,inav_spectra_esekf_v2,30,76.5235,41.0996,68.4493,85.3216,65.1326,-40.1697,95.6657,1,test,phone,True,
vw5,2026-09-09T11:46:10Z,inav_spectra_esekf_v2,10,29.0306,158.982,9.571,25.0313,-17.6104,-23.0793,98.7691,2,test,phone,True,
vw6,2026-09-09T11:46:10Z,inav_spectra_esekf_v2,10,66.2195,82.9292,7.9092,59.7261,-43.1837,50.2016,83.7017,1,test,phone,True,
vw6,2026-09-09T11:46:10Z,inav_spectra_esekf_v2,30,449.5201,178.2931,151.3308,420.1051,-443.0889,75.7859,160.0386,2,test,phone,True,
vw7,2026-09-09T11:46:10Z,inav_spectra_esekf_v2,30,194.6276,89.9372,52.9015,180.9792,-146.5448,128.0824,134.2732,1,test,phone,True,
vw7,2026-09-09T11:46:10Z,inav_spectra_esekf_v2,10,21.9551,33.0903,11.8621,20.7946,9.2479,-19.9124,2.8659,2,test,phone,True,
vw8,2026-09-09T11:46:10Z,inav_spectra_esekf_v2,60,433.8598,125.4108,117.8197,372.6569,-433.2737,-22.5406,168.9662,1,test,phone,True,
vw8,2026-09-09T11:46:10Z,inav_spectra_esekf_v2,10,77.1808,110.7809,21.7754,69.5096,-37.6011,-67.4022,117.2011,2,test,phone,True,
vw8,2026-09-09T11:46:10Z,inav_spectra_esekf_v2,30,161.9462,69.0651,64.7204,144.6437,9.7124,161.6547,27.1967,3,test,phone,True,
vw9,2026-09-09T11:46:10Z,inav_spectra_esekf_v2,10,32.0981,38.206,8.5042,29.1316,-7.7142,-31.1574,46.3572,1,test,phone,True,
